{
    "version": "0.11.0-rc.1",
    "title": "Direct Current (DC) 2D Batch Forward",
    "icon": "PotentialElectrode",
    "inversion_type": "direct current pseudo 3d",
    "geoh5": "",
    "forward_only": true,
    "topography_object": {
        "main": true,
        "group": "Topography",
        "label": "Topography",
        "meshType": [
            "{202c5db1-a56d-4004-9cad-baafd8899406}",
            "{6a057fdc-b355-11e3-95be-fd84a7ffcb88}",
            "{f26feba3-aded-494b-b9e9-b2bbcbe298e1}",
            "{48f5054a-1c5c-4ca4-9048-80f36dc60a06}",
            "{b020a277-90e2-4cd7-84d6-612ee3f25051}"
        ],
        "value": ""
    },
    "topography": {
        "association": [
            "Vertex",
            "Cell"
        ],
        "dataType": "Float",
        "group": "Topography",
        "main": true,
        "optional": true,
        "enabled": false,
        "label": "Elevation channel",
        "tooltip": "Set elevation from channel",
        "parent": "topography_object",
        "value": "",
        "verbose": 2
    },
    "data_object": {
        "main": true,
        "group": "Survey",
        "label": "Object",
        "meshType": "{275ecee9-9c24-4378-bf94-65f3c5fbe163}",
        "value": ""
    },
    "line_object": {
        "association": [
            "Cell",
            "Vertex"
        ],
        "dataType": "Referenced",
        "group": "Survey",
        "main": true,
        "label": "Line ID",
        "parent": "data_object",
        "value": ""
    },
    "line_id": 1,
    "z_from_topo": {
        "group": "Data pre-processing",
        "label": "Take z from topography",
        "tooltip": "Sets survey elevation to topography before any offsets are applied.",
        "value": false,
        "verbose": 3
    },
    "receivers_radar_drape": {
        "association": [
            "Cell",
            "Vertex"
        ],
        "dataType": "Float",
        "group": "Data pre-processing",
        "label": "Z radar offset",
        "tooltip": "Apply a non-homogeneous offset to survey object from radar channel.",
        "optional": true,
        "parent": "data_object",
        "value": "",
        "enabled": false,
        "verbose": 3
    },
    "receivers_offset_z": {
        "group": "Data pre-processing",
        "label": "Z static offset",
        "optional": true,
        "enabled": true,
        "value": 0.0,
        "verbose": 3
    },
    "gps_receivers_offset": "",
    "potential_channel_bool": true,
    "u_cell_size": {
        "min": 0.0,
        "group": "Mesh and models",
        "main": true,
        "enabled": true,
        "label": "Easting core cell size (m)",
        "value": 25.0
    },
    "v_cell_size": {
        "min": 0.0,
        "group": "Mesh and models",
        "main": true,
        "enabled": true,
        "label": "Northing core cell size (m)",
        "value": 25.0
    },
    "depth_core": {
        "min": 0.0,
        "group": "Mesh and models",
        "main": true,
        "enabled": true,
        "label": "Depth of core (m)",
        "value": 500.0
    },
    "horizontal_padding": {
        "min": 0.0,
        "group": "Mesh and models",
        "main": true,
        "enabled": true,
        "label": "Horizontal padding (m)",
        "value": 1000.0
    },
    "vertical_padding": {
        "min": 0.0,
        "group": "Mesh and models",
        "main": true,
        "dependencyType": "disabled",
        "label": "Vertical padding (m)",
        "value": 1000.0
    },
    "expansion_factor": {
        "main": true,
        "group": "Mesh and models",
        "label": "Expansion factor",
        "value": 1.1
    },
    "mesh": {
        "group": "Mesh and models",
        "main": true,
        "label": "Mesh",
        "meshType": "{4ea87376-3ece-438b-bf12-3479733ded46}",
        "optional": true,
        "enabled": false,
        "value": "",
        "visible": true
    },
    "starting_model": {
        "association": "Cell",
        "dataType": "Float",
        "group": "Mesh and models",
        "main": true,
        "isValue": true,
        "parent": "mesh",
        "label": "Conductivity (s/m)",
        "property": "",
        "value": 0.001
    },
    "output_tile_files": false,
    "parallelized": {
        "group": "Compute",
        "label": "Use parallelization",
        "value": true
    },
    "n_cpu": {
        "min": 1,
        "group": "Compute",
        "dependency": "parallelized",
        "dependencyType": "enabled",
        "optional": true,
        "enabled": false,
        "label": "Number of CPUs",
        "value": 1
    },
    "tile_spatial": 1,
    "max_chunk_size": {
        "min": 0,
        "group": "Compute",
        "optional": true,
        "enabled": true,
        "label": "Maximum chunk size",
        "value": 128,
        "verbose": 3
    },
    "chunk_by_rows": {
        "group": "Compute",
        "label": "Chunk by rows",
        "value": true,
        "verbose": 3
    },
    "out_group": {
        "label": "SimPEG group",
        "value": "",
        "groupType": "{55ed3daf-c192-4d4b-a439-60fa987fe2b8}",
        "group": "Drag-and-drop options",
        "visible": true,
        "optional": true,
        "enabled": false
    },
    "generate_sweep": {
        "label": "Generate sweep file",
        "group": "Python run preferences",
        "main": true,
        "value": false
    },
    "files_only": {
        "label": "Generate files only",
        "group": "Python run preferences",
        "main": true,
        "value": false
    },
    "cleanup": {
        "main": true,
        "group": "Python run preferences",
        "label": "Clean directory",
        "value": false
    },
    "monitoring_directory": "",
    "workspace_geoh5": "",
    "run_command": "geoapps.inversion.driver",
    "run_command_boolean": false,
    "conda_environment": "mirageo",
    "distributed_workers": ""
}