{
    "version": "0.11.0-rc.1",
    "title": "Induced Polarization (IP) 3D Forward",
    "documentation": "https://geoapps.readthedocs.io/en/stable/content/applications/dcip_inversion.html",
    "icon": "PotentialElectrode",
    "inversion_type": "induced polarization 3d",
    "geoh5": "",
    "forward_only": true,
    "topography_object": {
        "main": true,
        "group": "Topography",
        "label": "Topography",
        "meshType": [
            "{202c5db1-a56d-4004-9cad-baafd8899406}",
            "{6a057fdc-b355-11e3-95be-fd84a7ffcb88}",
            "{f26feba3-aded-494b-b9e9-b2bbcbe298e1}",
            "{48f5054a-1c5c-4ca4-9048-80f36dc60a06}",
            "{b020a277-90e2-4cd7-84d6-612ee3f25051}"
        ],
        "value": ""
    },
    "topography": {
        "association": [
            "Vertex",
            "Cell"
        ],
        "dataType": "Float",
        "group": "Topography",
        "main": true,
        "optional": true,
        "enabled": false,
        "label": "Elevation channel",
        "tooltip": "Set elevation from channel",
        "parent": "topography_object",
        "value": "",
        "verbose": 2
    },
    "data_object": {
        "main": true,
        "group": "Survey",
        "label": "Object",
        "meshType": "{275ecee9-9c24-4378-bf94-65f3c5fbe163}",
        "value": ""
    },
    "z_from_topo": {
        "group": "Survey",
        "main": true,
        "label": "Surface survey",
        "tooltip": "Uncheck if borehole data is present",
        "value": true
    },
    "receivers_radar_drape": {
        "association": [
            "Cell",
            "Vertex"
        ],
        "dataType": "Float",
        "group": "Data pre-processing",
        "label": "Z radar offset",
        "tooltip": "Apply a non-homogeneous offset to survey object from radar channel.",
        "optional": true,
        "parent": "data_object",
        "value": "",
        "enabled": false,
        "visible": false
    },
    "receivers_offset_z": {
        "group": "Data pre-processing",
        "label": "Z static offset",
        "optional": true,
        "enabled": false,
        "value": 0.0,
        "visible": false
    },
    "gps_receivers_offset": "",
    "chargeability_channel_bool": true,
    "mesh": {
        "group": "Mesh and models",
        "main": true,
        "label": "Mesh",
        "meshType": "{4ea87376-3ece-438b-bf12-3479733ded46}",
        "value": ""
    },
    "conductivity_model": {
        "association": [
            "Cell",
            "Vertex"
        ],
        "dataType": "Float",
        "group": "Mesh and models",
        "main": true,
        "isValue": true,
        "parent": "mesh",
        "label": "Conductivity (S/m)",
        "property": "",
        "value": 0.001
    },
    "starting_model": {
        "association": [
            "Cell",
            "Vertex"
        ],
        "dataType": "Float",
        "group": "Mesh and models",
        "main": true,
        "isValue": true,
        "parent": "mesh",
        "label": "Chargeability (v/v)",
        "property": "",
        "min": 0.0,
        "max": 10000.0,
        "value": 0.0
    },
    "output_tile_files": false,
    "parallelized": {
        "group": "Compute",
        "label": "Use parallelization",
        "value": true
    },
    "n_cpu": {
        "min": 1,
        "group": "Compute",
        "dependency": "parallelized",
        "dependencyType": "enabled",
        "optional": true,
        "enabled": false,
        "label": "Number of CPUs",
        "value": 1
    },
    "tile_spatial": {
        "group": "Compute",
        "label": "Number of tiles",
        "parent": "data_object",
        "isValue": true,
        "property": "",
        "value": 1,
        "min": 1,
        "max": 1000,
        "verbose": 2
    },
    "max_chunk_size": {
        "min": 0,
        "group": "Compute",
        "optional": true,
        "enabled": true,
        "label": "Maximum chunk size",
        "value": 128,
        "verbose": 3
    },
    "chunk_by_rows": {
        "group": "Compute",
        "label": "Chunk by rows",
        "value": true,
        "verbose": 3
    },
    "out_group": {
        "label": "SimPEG group",
        "value": "",
        "groupType": "{55ed3daf-c192-4d4b-a439-60fa987fe2b8}",
        "group": "Drag-and-drop options",
        "visible": true,
        "optional": true,
        "enabled": false
    },
    "generate_sweep": {
        "label": "Generate sweep file",
        "group": "Python run preferences",
        "main": true,
        "value": false
    },
    "monitoring_directory": "",
    "workspace_geoh5": "",
    "run_command": "geoapps.inversion.driver",
    "conda_environment": "mirageo",
    "distributed_workers": ""
}