{
    "title": "Create Iso Surfaces",
    "geoh5": "",
    "run_command": "geoapps.iso_surfaces.driver",
    "run_command_boolean": {
        "value": false,
        "label": "Run python module ",
        "tooltip": "Warning: launches process to run python model on save",
        "main": true
    },
    "monitoring_directory": "",
    "conda_environment": "mirageo",
    "conda_environment_boolean": false,
    "workspace": "",
    "version": "0.11.0-rc.1",
    "objects": {
        "meshType": [
            "{2e814779-c35f-4da0-ad6a-39a6912361f9}",
            "{202c5db1-a56d-4004-9cad-baafd8899406}",
            "{6a057fdc-b355-11e3-95be-fd84a7ffcb88}",
            "{f26feba3-aded-494b-b9e9-b2bbcbe298e1}",
            "{4ea87376-3ece-438b-bf12-3479733ded46}"
        ],
        "main": true,
        "group": "Data Selection",
        "label": "Object",
        "value": ""
    },
    "data": {
        "main": true,
        "group": "Data Selection",
        "association": [
            "Vertex",
            "Cell"
        ],
        "dataType": "Float",
        "label": "Value fields",
        "parent": "objects",
        "value": ""
    },
    "interval_min": {
        "main": true,
        "group": "Interval Contours",
        "groupOptional": true,
        "label": "Interval min",
        "value": 0.0
    },
    "interval_max": {
        "main": true,
        "group": "Interval Contours",
        "label": "Interval max",
        "value": 0.0
    },
    "interval_spacing": {
        "main": true,
        "group": "Interval Contours",
        "label": "Interval spacing",
        "value": 0.0
    },
    "fixed_contours": {
        "main": true,
        "label": "Fixed Contours",
        "value": "",
        "optional": true,
        "enabled": false
    },
    "max_distance": {
        "enabled": true,
        "label": "Max Interpolation Distance (m)",
        "main": true,
        "value": 500.0
    },
    "resolution": {
        "enabled": true,
        "label": "Base grid resolution (m)",
        "main": true,
        "value": 50.0
    },
    "generate_sweep": {
        "label": "Generate sweep file",
        "group": "Python run preferences",
        "main": true,
        "value": false
    },
    "export_as": {
        "main": true,
        "label": "Name",
        "value": "Iso_"
    }
}