{
    "version": "0.11.0-rc.1",
    "title": "Magnetic Vector (MVI) Forward",
    "documentation": "https://geoapps.readthedocs.io/en/stable/content/applications/grav_mag_inversion.html",
    "icon": "surveyairbornemagnetics",
    "inversion_type": "magnetic vector",
    "geoh5": "",
    "forward_only": true,
    "inducing_field_strength": {
        "min": 0.1,
        "max": 100000.0,
        "precision": 2,
        "lineEdit": false,
        "main": true,
        "group": "Inducing Field",
        "label": "Strength (nT)",
        "value": 50000.0
    },
    "inducing_field_inclination": {
        "min": -90.0,
        "max": 90.0,
        "precision": 2,
        "lineEdit": false,
        "main": true,
        "group": "Inducing Field",
        "label": "Inclination (deg)",
        "value": 90.0
    },
    "inducing_field_declination": {
        "min": -180.0,
        "max": 180.0,
        "precision": 2,
        "lineEdit": false,
        "main": true,
        "group": "Inducing Field",
        "label": "Declination (deg)",
        "value": 0.0
    },
    "topography_object": {
        "main": true,
        "group": "Topography",
        "label": "Topography",
        "meshType": [
            "{202c5db1-a56d-4004-9cad-baafd8899406}",
            "{6a057fdc-b355-11e3-95be-fd84a7ffcb88}",
            "{f26feba3-aded-494b-b9e9-b2bbcbe298e1}",
            "{48f5054a-1c5c-4ca4-9048-80f36dc60a06}",
            "{b020a277-90e2-4cd7-84d6-612ee3f25051}"
        ],
        "value": ""
    },
    "topography": {
        "association": [
            "Vertex",
            "Cell"
        ],
        "dataType": "Float",
        "group": "Topography",
        "main": true,
        "optional": true,
        "enabled": false,
        "label": "Elevation channel",
        "tooltip": "Set elevation from channel",
        "parent": "topography_object",
        "value": "",
        "verbose": 2
    },
    "data_object": {
        "main": true,
        "group": "Survey",
        "label": "Object",
        "meshType": [
            "{202c5db1-a56d-4004-9cad-baafd8899406}",
            "{6a057fdc-b355-11e3-95be-fd84a7ffcb88}",
            "{f26feba3-aded-494b-b9e9-b2bbcbe298e1}",
            "{48f5054a-1c5c-4ca4-9048-80f36dc60a06}",
            "{b020a277-90e2-4cd7-84d6-612ee3f25051}",
            "{4b99204c-d133-4579-a916-a9c8b98cfccb}",
            "{028e4905-cc97-4dab-b1bf-d76f58b501b5}"
        ],
        "value": ""
    },
    "z_from_topo": {
        "group": "Data pre-processing",
        "label": "Take z from topography",
        "tooltip": "Sets survey elevation to topography before any offsets are applied.",
        "value": false,
        "verbose": 3
    },
    "receivers_offset_z": {
        "group": "Data pre-processing",
        "label": "Z static offset",
        "optional": true,
        "enabled": false,
        "value": 0.0,
        "verbose": 3
    },
    "receivers_radar_drape": {
        "association": [
            "Cell",
            "Vertex"
        ],
        "dataType": "Float",
        "group": "Data pre-processing",
        "label": "Z radar offset",
        "tooltip": "Apply a non-homogeneous offset to survey object from radar channel.",
        "optional": true,
        "parent": "data_object",
        "value": "",
        "enabled": false,
        "verbose": 3
    },
    "gps_receivers_offset": "",
    "tmi_channel_bool": {
        "group": "Survey",
        "main": true,
        "label": "TMI (nT)",
        "value": true
    },
    "bx_channel_bool": {
        "group": "Survey",
        "main": true,
        "label": "Bx (nT)",
        "value": false
    },
    "by_channel_bool": {
        "group": "Survey",
        "main": true,
        "label": "By (nT)",
        "value": false
    },
    "bz_channel_bool": {
        "group": "Survey",
        "main": true,
        "label": "Bz (nT)",
        "value": false
    },
    "bxx_channel_bool": {
        "group": "Survey",
        "main": true,
        "label": "Bxx (nT/m)",
        "value": false
    },
    "bxy_channel_bool": {
        "group": "Survey",
        "main": true,
        "label": "Bxy (nT/m)",
        "value": false
    },
    "bxz_channel_bool": {
        "group": "Survey",
        "main": true,
        "label": "Bxz (nT/m)",
        "value": false
    },
    "byy_channel_bool": {
        "group": "Survey",
        "main": true,
        "label": "Byy (nT/m)",
        "value": false
    },
    "byz_channel_bool": {
        "group": "Survey",
        "main": true,
        "label": "Byz (nT/m)",
        "value": false
    },
    "bzz_channel_bool": {
        "group": "Survey",
        "main": true,
        "label": "Bzz (nT/m)",
        "value": false
    },
    "mesh": {
        "group": "Mesh and models",
        "main": true,
        "label": "Mesh",
        "meshType": "{4ea87376-3ece-438b-bf12-3479733ded46}",
        "value": ""
    },
    "starting_model": {
        "association": [
            "Cell",
            "Vertex"
        ],
        "dataType": "Float",
        "group": "Mesh and models",
        "main": true,
        "isValue": true,
        "parent": "mesh",
        "label": "Susceptibility (si)",
        "property": "",
        "value": 0.0001
    },
    "starting_inclination": {
        "association": [
            "Cell",
            "Vertex"
        ],
        "dataType": "Float",
        "group": "Mesh and models",
        "main": true,
        "isValue": true,
        "optional": true,
        "enabled": false,
        "parent": "mesh",
        "label": "Inclination (deg)",
        "property": "",
        "value": 0.0
    },
    "starting_declination": {
        "association": [
            "Cell",
            "Vertex"
        ],
        "dataType": "Float",
        "group": "Mesh and models",
        "main": true,
        "isValue": true,
        "optional": true,
        "enabled": false,
        "parent": "mesh",
        "label": "Declination (deg)",
        "property": "",
        "value": 0.0
    },
    "output_tile_files": false,
    "parallelized": {
        "group": "Compute",
        "label": "Use parallelization",
        "value": true
    },
    "n_cpu": {
        "min": 1,
        "group": "Compute",
        "dependency": "parallelized",
        "dependencyType": "enabled",
        "optional": true,
        "enabled": false,
        "label": "Number of CPUs",
        "value": 1
    },
    "tile_spatial": {
        "group": "Compute",
        "label": "Number of tiles",
        "parent": "data_object",
        "isValue": true,
        "property": "",
        "value": 1,
        "min": 1,
        "max": 1000,
        "verbose": 2
    },
    "max_chunk_size": {
        "min": 0,
        "group": "Compute",
        "optional": true,
        "enabled": true,
        "label": "Maximum chunk size",
        "value": 128,
        "verbose": 3
    },
    "chunk_by_rows": {
        "group": "Compute",
        "label": "Chunk by rows",
        "value": true,
        "verbose": 3
    },
    "out_group": {
        "label": "SimPEG group",
        "value": "",
        "groupType": "{55ed3daf-c192-4d4b-a439-60fa987fe2b8}",
        "group": "Drag-and-drop options",
        "visible": true,
        "optional": true,
        "enabled": false
    },
    "ga_group": "",
    "generate_sweep": {
        "label": "Generate sweep file",
        "group": "Python run preferences",
        "main": true,
        "value": false
    },
    "monitoring_directory": "",
    "workspace_geoh5": "",
    "run_command": "geoapps.inversion.driver",
    "conda_environment": "mirageo",
    "distributed_workers": ""
}