{
    "title": "Scatter Plot",
    "geoh5": "",
    "run_command": "geoapps.scatter_plot.application",
    "run_command_boolean": {
        "value": false,
        "label": "Run python module ",
        "tooltip": "Warning: launches process to run python model on save",
        "main": true
    },
    "monitoring_directory": "",
    "conda_environment": "mirageo",
    "conda_environment_boolean": false,
    "workspace": "",
    "version": "0.11.0-rc.1",
    "objects": {
        "group": "Data Selection",
        "label": "Object",
        "main": true,
        "meshType": [
            "{202c5db1-a56d-4004-9cad-baafd8899406}",
            "{6a057fdc-b355-11e3-95be-fd84a7ffcb88}",
            "{f26feba3-aded-494b-b9e9-b2bbcbe298e1}",
            "{b020a277-90e2-4cd7-84d6-612ee3f25051}",
            "{48f5054a-1c5c-4ca4-9048-80f36dc60a06}",
            "{7caebf0e-d16e-11e3-bc69-e4632694aa37}"
        ],
        "value": ""
    },
    "downsampling": {
        "group": "Data Selection",
        "label": "Population Downsampling (%)",
        "main": true,
        "min": 1,
        "max": 100,
        "value": 100,
        "visible": false
    },
    "x": {
        "association": [
            "Vertex",
            "Cell"
        ],
        "dataType": "Float",
        "group": "x axis",
        "label": "Data",
        "optional": true,
        "enabled": false,
        "main": true,
        "parent": "objects",
        "value": "",
        "visible": false
    },
    "x_min": {
        "group": "x axis",
        "label": "Min",
        "main": true,
        "optional": true,
        "enabled": false,
        "value": 0.0,
        "precision": 1,
        "lineEdit": false,
        "visible": false
    },
    "x_max": {
        "group": "x axis",
        "label": "Max",
        "main": true,
        "optional": true,
        "enabled": false,
        "value": 0.0,
        "precision": 1,
        "lineEdit": false,
        "visible": false
    },
    "x_log": {
        "group": "x axis",
        "label": "Log10",
        "main": true,
        "value": false,
        "visible": false
    },
    "x_thresh": {
        "group": "x axis",
        "label": "Threshold",
        "main": true,
        "value": 0.1,
        "dependency": "x_log",
        "dependencyType": "enabled",
        "visible": false
    },
    "y": {
        "association": [
            "Vertex",
            "Cell"
        ],
        "dataType": "Float",
        "group": "y axis",
        "label": "Data",
        "optional": true,
        "enabled": false,
        "main": true,
        "parent": "objects",
        "value": "",
        "visible": false
    },
    "y_min": {
        "group": "y axis",
        "label": "Min",
        "main": true,
        "optional": true,
        "enabled": false,
        "value": 0.0,
        "precision": 1,
        "lineEdit": false,
        "visible": false
    },
    "y_max": {
        "group": "y axis",
        "label": "Max",
        "main": true,
        "optional": true,
        "enabled": false,
        "value": 0.0,
        "precision": 1,
        "lineEdit": false,
        "visible": false
    },
    "y_log": {
        "group": "y axis",
        "label": "Log10",
        "main": true,
        "value": false,
        "visible": false
    },
    "y_thresh": {
        "group": "y axis",
        "label": "Threshold",
        "main": true,
        "value": 0.1,
        "dependency": "y_log",
        "dependencyType": "enabled",
        "visible": false
    },
    "z": {
        "association": [
            "Vertex",
            "Cell"
        ],
        "dataType": "Float",
        "group": "z axis",
        "optional": true,
        "enabled": false,
        "label": "Data",
        "main": true,
        "parent": "objects",
        "value": "",
        "visible": false
    },
    "z_min": {
        "group": "z axis",
        "label": "Min",
        "main": true,
        "optional": true,
        "enabled": false,
        "value": 0.0,
        "precision": 1,
        "lineEdit": false,
        "visible": false
    },
    "z_max": {
        "group": "z axis",
        "label": "Max",
        "main": true,
        "optional": true,
        "enabled": false,
        "value": 0.0,
        "precision": 1,
        "lineEdit": false,
        "visible": false
    },
    "z_log": {
        "group": "z axis",
        "label": "Log10",
        "main": true,
        "value": false,
        "visible": false
    },
    "z_thresh": {
        "group": "z axis",
        "label": "Threshold",
        "main": true,
        "value": 0.1,
        "dependency": "z_log",
        "dependencyType": "enabled",
        "visible": false
    },
    "color": {
        "association": [
            "Vertex",
            "Cell"
        ],
        "dataType": "Float",
        "group": "Color",
        "optional": true,
        "enabled": false,
        "label": "Data",
        "main": true,
        "parent": "objects",
        "value": "",
        "visible": false
    },
    "color_min": {
        "group": "Color",
        "label": "Min",
        "main": true,
        "optional": true,
        "enabled": false,
        "value": 0.0,
        "precision": 1,
        "lineEdit": false,
        "visible": false
    },
    "color_max": {
        "group": "Color",
        "label": "Max",
        "main": true,
        "optional": true,
        "enabled": false,
        "value": 0.0,
        "precision": 1,
        "lineEdit": false,
        "visible": false
    },
    "color_log": {
        "group": "Color",
        "label": "Log10",
        "main": true,
        "value": false,
        "visible": false
    },
    "color_thresh": {
        "group": "Color",
        "label": "Threshold",
        "main": true,
        "value": 0.1,
        "dependency": "color_log",
        "dependencyType": "enabled",
        "visible": false
    },
    "color_maps": {
        "choiceList": [
            "aggrnyl",
            "agsunset",
            "blackbody",
            "bluered",
            "blues",
            "blugrn",
            "bluyl",
            "brwnyl",
            "bugn",
            "bupu",
            "burg",
            "burgyl",
            "cividis",
            "darkmint",
            "electric",
            "emrld",
            "gnbu",
            "greens",
            "greys",
            "hot",
            "inferno",
            "jet",
            "magenta",
            "magma",
            "mint",
            "orrd",
            "oranges",
            "oryel",
            "peach",
            "pinkyl",
            "plasma",
            "plotly3",
            "pubu",
            "pubugn",
            "purd",
            "purp",
            "purples",
            "purpor",
            "rainbow",
            "rdbu",
            "rdpu",
            "redor",
            "reds",
            "sunset",
            "sunsetdark",
            "teal",
            "tealgrn",
            "turbo",
            "viridis",
            "ylgn",
            "ylgnbu",
            "ylorbr",
            "ylorrd",
            "algae",
            "amp",
            "deep",
            "dense",
            "gray",
            "haline",
            "ice",
            "matter",
            "solar",
            "speed",
            "tempo",
            "thermal",
            "turbid",
            "armyrose",
            "brbg",
            "earth",
            "fall",
            "geyser",
            "prgn",
            "piyg",
            "picnic",
            "portland",
            "puor",
            "rdgy",
            "rdylbu",
            "rdylgn",
            "spectral",
            "tealrose",
            "temps",
            "tropic",
            "balance",
            "curl",
            "delta",
            "oxy",
            "edge",
            "hsv",
            "icefire",
            "phase",
            "twilight",
            "mrybm",
            "mygbm"
        ],
        "group": "Color",
        "label": "Colormap",
        "main": true,
        "value": "",
        "enabled": false,
        "optional": true,
        "visible": false
    },
    "size": {
        "association": [
            "Vertex",
            "Cell"
        ],
        "dataType": "Float",
        "group": "Size",
        "optional": true,
        "enabled": false,
        "label": "Data",
        "main": true,
        "parent": "objects",
        "value": "",
        "visible": false
    },
    "size_min": {
        "group": "Size",
        "label": "Min",
        "main": true,
        "optional": true,
        "enabled": false,
        "value": 0.0,
        "precision": 1,
        "lineEdit": false,
        "visible": false
    },
    "size_max": {
        "group": "Size",
        "label": "Max",
        "main": true,
        "optional": true,
        "enabled": false,
        "value": 0.0,
        "precision": 1,
        "lineEdit": false,
        "visible": false
    },
    "size_log": {
        "group": "Size",
        "label": "Log10",
        "main": true,
        "value": false,
        "visible": false
    },
    "size_thresh": {
        "group": "Size",
        "label": "Threshold",
        "main": true,
        "value": 0.1,
        "dependency": "size_log",
        "dependencyType": "enabled",
        "visible": false
    },
    "size_markers": {
        "group": "Size",
        "label": "Marker Size",
        "main": true,
        "min": 1,
        "max": 100,
        "value": 20,
        "enabled": false,
        "optional": true,
        "visible": false
    }
}