{
    "version": "0.11.0-rc.1",
    "title": "Time-domain EM (TEM) Forward",
    "icon": "surveyairborneem",
    "inversion_type": "tdem",
    "geoh5": "",
    "forward_only": true,
    "topography_object": {
        "main": true,
        "group": "Topography",
        "label": "Topography",
        "meshType": [
            "{202c5db1-a56d-4004-9cad-baafd8899406}",
            "{6a057fdc-b355-11e3-95be-fd84a7ffcb88}",
            "{f26feba3-aded-494b-b9e9-b2bbcbe298e1}",
            "{48f5054a-1c5c-4ca4-9048-80f36dc60a06}",
            "{b020a277-90e2-4cd7-84d6-612ee3f25051}"
        ],
        "value": ""
    },
    "topography": {
        "association": [
            "Vertex",
            "Cell"
        ],
        "dataType": "Float",
        "group": "Topography",
        "main": true,
        "optional": true,
        "enabled": false,
        "label": "Elevation channel",
        "tooltip": "Set elevation from channel",
        "parent": "topography_object",
        "value": "",
        "verbose": 2
    },
    "data_object": {
        "main": true,
        "group": "Survey",
        "label": "Object",
        "meshType": [
            "{19730589-fd28-4649-9de0-ad47249d9aba}",
            "{deebe11a-b57b-4a03-99d6-8f27b25eb2a8}"
        ],
        "value": ""
    },
    "data_units": {
        "choiceList": [
            "dB/dt (T/s)",
            "B (T)",
            "H (A/m)"
        ],
        "group": "Survey",
        "main": true,
        "label": "Data type",
        "tooltip": "Set the units of the data.",
        "value": "dB/dt (T/s)"
    },
    "z_channel_bool": {
        "group": "Survey",
        "main": true,
        "label": "Z component",
        "value": true
    },
    "x_channel_bool": {
        "group": "Survey",
        "main": true,
        "label": "X component",
        "value": true
    },
    "y_channel_bool": {
        "group": "Survey",
        "main": true,
        "label": "Y component",
        "value": true
    },
    "mesh": {
        "group": "Mesh and models",
        "main": true,
        "label": "Mesh",
        "meshType": "{4ea87376-3ece-438b-bf12-3479733ded46}",
        "value": ""
    },
    "starting_model": {
        "association": [
            "Cell",
            "Vertex"
        ],
        "dataType": "Float",
        "group": "Mesh and models",
        "main": true,
        "isValue": true,
        "parent": "mesh",
        "label": "Conductivity (s/m)",
        "property": "",
        "value": 0.001
    },
    "output_tile_files": false,
    "parallelized": {
        "group": "Compute",
        "label": "Use parallelization",
        "value": true
    },
    "n_cpu": {
        "min": 1,
        "group": "Compute",
        "dependency": "parallelized",
        "dependencyType": "enabled",
        "optional": true,
        "enabled": false,
        "label": "Number of CPUs",
        "value": 1
    },
    "tile_spatial": {
        "group": "Compute",
        "label": "Number of tiles",
        "parent": "data_object",
        "isValue": true,
        "property": "",
        "value": 1,
        "min": 1,
        "max": 1000,
        "verbose": 2
    },
    "max_chunk_size": {
        "min": 0,
        "group": "Compute",
        "optional": true,
        "enabled": true,
        "label": "Maximum chunk size",
        "value": 128,
        "verbose": 3
    },
    "chunk_by_rows": {
        "group": "Compute",
        "label": "Chunk by rows",
        "value": true,
        "verbose": 3
    },
    "out_group": {
        "label": "SimPEG group",
        "value": "",
        "groupType": "{55ed3daf-c192-4d4b-a439-60fa987fe2b8}",
        "group": "Drag-and-drop options",
        "visible": true,
        "optional": true,
        "enabled": false
    },
    "generate_sweep": {
        "label": "Generate sweep file",
        "group": "Python run preferences",
        "main": true,
        "value": false
    },
    "monitoring_directory": "",
    "workspace_geoh5": "",
    "run_command": "geoapps.inversion.driver",
    "conda_environment": "mirageo",
    "distributed_workers": ""
}